region,rmse
dacc,473.77465158898394
lamyg,198.87419427808362
ldacc,311.71017963523616
ldlpfc,393.8692495173053
linsula,219.21567928553813
lracc,326.9932169563213
lsts,557.4410435135798
lvlpfc,411.2597655633541
racc,490.4280743334536
ramyg,209.61041129287483
rdacc,307.7149157353147
rdlpfc,314.33539857588283
rinsula,217.72315731657213
rracc,332.5242279070825
rsts,475.64190989298584
rvlpfc,350.3140167293457
