model,type,loo_rmse
OLS,original,12.900104010568404
Ridge,original,8.307625725087805
Lasso,original,8.021957401658065
RF,original,8.453955226659234
OLS_PCA,pca,9.191819704023297
Ridge_PCA,pca,8.313130066676045
Lasso_PCA,pca,8.021957401658065
RF_PCA,pca,8.519998344769311
