model,loo_rmse
Ordinary Least Squares,12.900104010568404
Ridge,8.307625725087805
LassoCV,8.021957401658065
